{
  "Component.js": 1610215247376,
  "manifest.json": 1610359241005,
  "model/models.js": 1610215247376,
  "controller/Home.controller.js": 1610357472742,
  "controller/Detail.controller.js": 1610357472742,
  "controller/App.controller.js": 1610215247380,
  "i18n/i18n.properties": 1610357472742,
  "manifest-bundle.zip": 1610359240741,
  "Component-preload.js": 1610359240961,
  "controller/Detail-dbg.controller.js": 1610357472742,
  "controller/Home-dbg.controller.js": 1610357472742,
  "model/models-dbg.js": 1610215247376,
  "controller/App-dbg.controller.js": 1610215247380,
  "Component-dbg.js": 1610215247376,
  "resources.json": 1610359241008,
  "view/Home.view.xml": 1610358401112,
  "view/Detail.view.xml": 1610357472762,
  "view/App.view.xml": 1610215247380,
  "css/style.css": 1610215247376,
  "index.html": 1610359223927
}